name,position,sleeper_id,ktc_value,contract_end_year,cap_hit_2026,potential_out_year
,QB,4683,,,,
,RB,11548,,,,
,WR,6967,,,,
,RB,4199,,,,
,WR,5772,,,,
,WR,7091,,,,
,TE,4384,,,,
,QB,96,,,,
,RB,8809,,,,
,RB,8190,,,,
,RB,6187,,,,
,RB,6491,,,,
,WR,2822,,,,
,TE,4085,,,,
,WR,1689,,,,
,TE,6869,,,,
,TE,4768,,,,
,WR,11625,,,,
,WR,5129,,,,
,WR,2929,,,,
,RB,7093,,,,
,QB,11065,,,,
,RB,184,,,,
,QB,12361,,,,
,WR,4929,,,,
,WR,7228,,,,
,RB,12797,,,,
,WR,11918,,,,
,QB,10866,,,,
,RB,12080,,,,
,WR,11615,,,,
AJ Barner+507,TE,11603,+414,,,
A.J. Brown,WR,5859,,,,
,RB,6828,,,,
,WR,830,,,,
,WR,12865,,,,
,QB,1895,,,,
,RB,6664,,,,
,WR,6373,,,,
,RB,7918,,,,
,WR,12528,,,,
,RB,5195,,,,
,WR,4937,,,,
,TE,6843,,,,
,WR,2025,,,,
,TE,5385,,,,
,TE,12085,,,,
,WR,8142,,,,
,WR,7235,,,,
,WR,6386,,,,
,RB,6031,,,,
,TE,3824,,,,
,WR,3433,,,,
,TE,4733,,,,
,TE,12340,,,,
,QB,5124,,,,
,QB,268,,,,
,QB,1262,,,,
,WR,6163,,,,
,WR,6381,,,,
,RB,5987,,,,
,RB,11472,,,,
,RB,1170,,,,
,TE,5975,,,,
,WR,1984,,,,
,WR,5185,,,,
,WR,1992,,,,
,WR,4494,,,,
,WR,1149,,,,
,RB,3811,,,,
,RB,4035,,,,
,RB,12928,,,,
,WR,4139,,,,
,WR,2309,,,,
,WR,7540,,,,
,WR,4626,,,,
,RB,2359,,,,
,WR,3606,,,,
Amon-Ra St. Brown,WR,7547,,,,
,WR,7233,,,,
,WR,5249,,,,
,WR,6617,,,,
,WR,4669,,,,
,WR,627,,,,
,WR,10226,,,,
,WR,12863,,,,
,RB,6323,,,,
,TE,2756,,,,
,WR,8572,,,,
,QB,12270,,,,
,TE,4832,,,,
,TE,5156,,,,
,QB,829,,,,
,WR,5915,,,,
,QB,2561,,,,
,QB,8241,,,,
,WR,3148,,,,
,TE,4435,,,,
,QB,6898,,,,
,WR,11762,,,,
,RB,12350,,,,
,WR,5929,,,,
,RB,7424,,,,
,WR,3593,,,,
,TE,12786,,,,
,WR,5612,,,,
,TE,5358,,,,
,RB,6878,,,,
,WR,5013,,,,
,WR,4585,,,,
,WR,5984,,,,
,QB,9229,,,,
,WR,7533,,,,
,RB,973,,,,
,TE,13005,,,,
,WR,8813,,,,
,RB,12939,,,,
,WR,11053,,,,
,WR,6165,,,,
,WR,536,,,,
,WR,5310,,,,
,TE,6906,,,,
,RB,6945,,,,
,WR,7744,,,,
,RB,7203,,,,
,TE,4468,,,,
,WR,2593,,,,
,WR,12460,,,,
,WR,12539,,,,
,TE,8665,,,,
,WR,5401,,,,
,WR,11267,,,,
,RB,7227,,,,
,WR,4670,,,,
,TE,7864,,,,
,WR,6427,,,,
Ashton Jeanty,RB,12527,,,,
,WR,10863,,,,
,WR,5130,,,,
,RB,11579,,,,
,TE,8215,,,,
,QB,5286,,,,
,QB,4931,,,,
,QB,11491,,,,
,WR,4416,,,,
,WR,4358,,,,
,RB,4663,,,,
,TE,6396,,,,
,TE,3202,,,,
,RB,11947,,,,
,WR,6873,,,,
,WR,5126,,,,
,QB,11931,,,,
,TE,5751,,,,
,TE,12212,,,,
,WR,7746,,,,
,RB,6553,,,,
,WR,7579,,,,
,WR,5796,,,,
,WR,11544,,,,
,RB,7809,,,,
,WR,12097,,,,
,WR,7885,,,,
,QB,8157,,,,
Baker Mayfield,QB,4892,,,,
,TE,4744,,,,
,QB,4728,,,,
,TE,12256,,,,
,WR,12314,,,,
,TE,2909,,,,
,TE,3407,,,,
,WR,12889,,,,
,WR,2906,,,,
,TE,8864,,,,
,TE,3465,,,,
,QB,12433,,,,
,QB,7143,,,,
,TE,7288,,,,
,TE,5268,,,,
,TE,2528,,,,
,QB,138,,,,
,TE,11082,,,,
,TE,11596,,,,
,WR,7757,,,,
,QB,13065,,,,
,TE,13121,,,,
,TE,663,,,,
,WR,2003,,,,
,RB,7048,,,,
,RB,6156,,,,
,TE,8033,,,,
,RB,12490,,,,
Bijan Robinson,RB,9509,,,,
Bijan Robinson+419,RB,9509,+414,,,
,RB,818,,,,
,TE,4650,,,,
,WR,6939,,,,
,WR,6088,,,,
,RB,8240,,,,
,RB,7951,,,,
,WR,4515,,,,
,QB,862,,,,
,TE,2422,,,,
,QB,1979,,,,
,RB,11586,,,,
,TE,4571,,,,
,TE,5264,,,,
,WR,7552,,,,
,QB,3957,,,,
,RB,11568,,,,
,TE,11201,,,,
,WR,12832,,,,
,WR,8204,,,,
Bo Nix,QB,11563,,,,
,RB,5112,,,,
,WR,4480,,,,
,RB,5122,,,,
,TE,1269,,,,
,QB,12538,,,,
,TE,11280,,,,
,RB,11576,,,,
,WR,4779,,,,
,WR,8021,,,,
,WR,2197,,,,
,WR,6803,,,,
,QB,3357,,,,
,TE,4593,,,,
,RB,1034,,,,
,RB,3816,,,,
,RB,2948,,,,
,TE,6279,,,,
,WR,8756,,,,
,WR,8908,,,,
,QB,8579,,,,
,WR,7340,,,,
,WR,5695,,,,
,RB,4806,,,,
,RB,3570,,,,
,WR,3762,,,,
,QB,6205,,,,
,WR,7865,,,,
,WR,4878,,,,
,RB,12455,,,,
,WR,5121,,,,
,WR,11410,,,,
,WR,11301,,,,
,TE,8105,,,,
,TE,10224,,,,
,WR,11496,,,,
,RB,2768,,,,
,WR,8178,,,,
Breece Hall,RB,8155,,,,
,WR,2044,,,,
,TE,12374,,,,
,RB,7858,,,,
,WR,11621,,,,
,WR,7584,,,,
,WR,13011,,,,
,TE,9480,,,,
,WR,2331,,,,
,QB,13221,,,,
,QB,2450,,,,
,QB,6037,,,,
,WR,12220,,,,
,TE,7568,,,,
,TE,11593,,,,
,WR,4569,,,,
,WR,6629,,,,
,WR,11502,,,,
,RB,7001,,,,
,RB,4187,,,,
,QB,345,,,,
,QB,7008,,,,
,WR,4815,,,,
,RB,8154,,,,
Brian Thomas Jr.,WR,11631,,,,
,TE,2917,,,,
,TE,11385,,,,
,TE,7903,,,,
,WR,4434,,,,
,WR,8414,,,,
,RB,12171,,,,
,RB,8423,,,,
,QB,7418,,,,
Brock Bowers,TE,11604,,,,
Brock Purdy,QB,8183,,,,
,TE,7891,,,,
,QB,5597,,,,
,TE,3239,,,,
,RB,7190,,,,
,WR,11612,,,,
,RB,6072,,,,
,TE,7734,,,,
,QB,2567,,,,
,WR,6870,,,,
,WR,11495,,,,
,RB,8246,,,,
,WR,5831,,,,
,WR,5787,,,,
,WR,9499,,,,
,RB,5889,,,,
,WR,11959,,,,
,QB,7335,,,,
,TE,12959,,,,
,TE,7353,,,,
,TE,3561,,,,
,QB,9228,,,,
,TE,6926,,,,
,WR,11157,,,,
,WR,12799,,,,
,TE,12941,,,,
,WR,11748,,,,
,TE,4184,,,,
Bucky Irving,RB,11584,,,,
,WR,2502,,,,
,RB,5271,,,,
,TE,4326,,,,
,WR,5199,,,,
,TE,8433,,,,
,WR,7956,,,,
,WR,13212,,,,
,TE,8111,,,,
,QB,12285,,,,
,TE,11599,,,,
,TE,12933,,,,
,TE,4621,,,,
,WR,12399,,,,
,RB,7741,,,,
,TE,12735,,,,
,TE,7176,,,,
,WR,5223,,,,
Caleb Williams,QB,11560,,,,
Caleb Williams-435,QB,11560,-371,,,
,TE,6142,,,,
,WR,8125,,,,
,WR,8251,,,,
,WR,4981,,,,
,RB,11229,,,,
,RB,6938,,,,
,WR,12906,,,,
,TE,12062,,,,
,WR,12086,,,,
,QB,12688,,,,
,QB,954,,,,
,TE,5774,,,,
,WR,5432,,,,
,RB,12481,,,,
,TE,7218,,,,
Cam Ward,,,,,,
,WR,2938,,,,
,WR,5289,,,,
,TE,2214,,,,
,TE,2898,,,,
,TE,10210,,,,
,WR,4749,,,,
,RB,7435,,,,
,QB,12522,,,,
,RB,10211,,,,
,TE,11213,,,,
,WR,3555,,,,
,TE,7926,,,,
,WR,4108,,,,
,RB,2257,,,,
,RB,11186,,,,
,TE,6365,,,,
,RB,11582,,,,
,QB,8158,,,,
,QB,3161,,,,
,TE,7624,,,,
,QB,11851,,,,
,TE,13122,,,,
,TE,7735,,,,
,QB,7376,,,,
,QB,1737,,,,
,QB,11848,,,,
,WR,11806,,,,
,WR,3447,,,,
,RB,3780,,,,
,WR,10444,,,,
,WR,5113,,,,
CeeDee Lamb,WR,6786,,,,
,WR,11081,,,,
,TE,4362,,,,
,WR,5570,,,,
,WR,4175,,,,
,QB,89,,,,
,QB,4051,,,,
,WR,4128,,,,
,WR,12908,,,,
,WR,8624,,,,
,TE,801,,,,
,TE,6591,,,,
,RB,11102,,,,
,TE,6487,,,,
,WR,8198,,,,
,WR,10228,,,,
,TE,8127,,,,
,TE,6932,,,,
,TE,7075,,,,
,TE,8182,,,,
,RB,9224,,,,
,WR,6886,,,,
,WR,11554,,,,
,WR,11347,,,,
,QB,490,,,,
,RB,5000,,,,
,QB,8431,,,,
,TE,7481,,,,
,QB,5263,,,,
,WR,3582,,,,
,QB,12046,,,,
,TE,6982,,,,
,TE,8210,,,,
,WR,12540,,,,
,WR,12100,,,,
,TE,4874,,,,
,WR,7521,,,,
,TE,4004,,,,
,RB,11370,,,,
,WR,3486,,,,
,RB,4273,,,,
,WR,11366,,,,
,RB,11963,,,,
,WR,2381,,,,
,RB,7794,,,,
,WR,7092,,,,
Chris Godwin-371,WR,4037,-371,,,
,TE,5009,,,,
,WR,1329,,,,
,WR,3609,,,,
,WR,5661,,,,
,TE,3048,,,,
,WR,3269,,,,
,TE,6529,,,,
,QB,8413,,,,
,WR,8144,,,,
,TE,8634,,,,
,RB,10219,,,,
,WR,7175,,,,
,RB,11249,,,,
,QB,6778,,,,
,RB,1502,,,,
,WR,13043,,,,
,RB,5587,,,,
,WR,5241,,,,
,WR,4950,,,,
,RB,4034,,,,
,RB,3556,,,,
,TE,5468,,,,
,TE,11155,,,,
,TE,11231,,,,
,RB,6196,,,,
,WR,8167,,,,
,RB,5462,,,,
,RB,7594,,,,
,RB,1451,,,,
,QB,4127,,,,
,WR,4344,,,,
,TE,6501,,,,
,TE,12984,,,,
,WR,5734,,,,
,WR,4798,,,,
,WR,9759,,,,
,RB,7549,,,,
,RB,3204,,,,
,WR,8068,,,,
C.J. Stroud,QB,9758,,,,
,TE,2460,,,,
,RB,8187,,,,
,WR,6359,,,,
,TE,2947,,,,
,QB,6147,,,,
,QB,10217,,,,
,TE,5733,,,,
,TE,2373,,,,
,RB,6820,,,,
,TE,5269,,,,
,WR,11523,,,,
,WR,11284,,,,
,WR,3355,,,,
,QB,2576,,,,
,WR,4420,,,,
,QB,3205,,,,
,WR,2004,,,,
,RB,11644,,,,
,WR,6171,,,,
,WR,7039,,,,
,TE,6865,,,,
,WR,4738,,,,
,QB,12268,,,,
,WR,1144,,,,
,WR,12264,,,,
,WR,12210,,,,
,TE,8840,,,,
,TE,6460,,,,
,TE,5231,,,,
,QB,8224,,,,
,TE,6826,,,,
,QB,6954,,,,
,QB,2582,,,,
,TE,8214,,,,
,WR,12829,,,,
,TE,12551,,,,
,TE,4327,,,,
,TE,4647,,,,
,QB,7983,,,,
,WR,6857,,,,
,QB,13119,,,,
,TE,11942,,,,
,TE,12517,,,,
,QB,533,,,,
,WR,11046,,,,
,QB,12776,,,,
,TE,7503,,,,
,TE,8181,,,,
,QB,5808,,,,
,RB,2923,,,,
,RB,7464,,,,
,WR,7954,,,,
,WR,4039,,,,
,QB,4574,,,,
,WR,2684,,,,
,RB,1535,,,,
,RB,4651,,,,
,WR,3177,,,,
,WR,12090,,,,
,WR,4036,,,,
,RB,12491,,,,
,RB,2933,,,,
,WR,8438,,,,
,RB,8092,,,,
,WR,5155,,,,
,WR,11815,,,,
,WR,7541,,,,
,WR,6605,,,,
Courtland Sutton+437,WR,5045,+414,,,
,WR,12772,,,,
,RB,6659,,,,
,RB,6293,,,,
,TE,8192,,,,
,WR,4082,,,,
,WR,4050,,,,
,WR,8699,,,,
,WR,4998,,,,
,WR,11367,,,,
,WR,8213,,,,
,RB,11857,,,,
,WR,4544,,,,
,QB,3294,,,,
,WR,12333,,,,
,WR,12291,,,,
,WR,12888,,,,
,WR,13202,,,,
,WR,11438,,,,
,TE,5022,,,,
,TE,11606,,,,
,RB,4322,,,,
,TE,7082,,,,
,TE,10236,,,,
,WR,7320,,,,
,TE,5001,,,,
,QB,5167,,,,
,RB,4029,,,,
,RB,5619,,,,
,RB,6334,,,,
,WR,5166,,,,
,WR,6017,,,,
,WR,2672,,,,
,RB,8129,,,,
,TE,11262,,,,
,RB,5890,,,,
,RB,12462,,,,
,RB,1833,,,,
,WR,2673,,,,
,WR,6370,,,,
,WR,5080,,,,
,WR,6549,,,,
,WR,7573,,,,
,WR,6195,,,,
,WR,2937,,,,
,WR,4401,,,,
,WR,5125,,,,
,TE,4741,,,,
,WR,7357,,,,
,TE,3020,,,,
,RB,6790,,,,
,WR,11184,,,,
,TE,8225,,,,
,TE,2751,,,,
,TE,8090,,,,
,WR,12311,,,,
,TE,6089,,,,
,WR,13053,,,,
,QB,5870,,,,
,WR,2817,,,,
,WR,4829,,,,
,WR,491,,,,
,WR,3454,,,,
,WR,8602,,,,
,QB,5120,,,,
,WR,8176,,,,
,RB,11654,,,,
,WR,4992,,,,
,WR,13113,,,,
,WR,12892,,,,
,RB,4718,,,,
,WR,7623,,,,
,WR,8527,,,,
,TE,6762,,,,
,TE,3497,,,,
,RB,7038,,,,
,RB,7316,,,,
,RB,7614,,,,
,WR,13150,,,,
,WR,2925,,,,
,RB,11283,,,,
,RB,3371,,,,
,WR,2602,,,,
,WR,13063,,,,
,WR,5799,,,,
,WR,6149,,,,
,RB,4791,,,,
,RB,6259,,,,
,WR,7090,,,,
,TE,9479,,,,
,WR,2532,,,,
,RB,5549,,,,
,TE,4323,,,,
,RB,5916,,,,
,WR,7056,,,,
,WR,5798,,,,
,TE,1592,,,,
,RB,246,,,,
,TE,2505,,,,
,WR,4676,,,,
,RB,6448,,,,
,WR,6519,,,,
,RB,4835,,,,
,RB,7064,,,,
,WR,5722,,,,
,RB,6178,,,,
,RB,4917,,,,
,WR,5102,,,,
,WR,2133,,,,
,WR,2573,,,,
,WR,8118,,,,
,QB,6450,,,,
,WR,11505,,,,
,QB,2106,,,,
,RB,1794,,,,
,RB,2391,,,,
,TE,12357,,,,
,RB,5892,,,,
,WR,4274,,,,
,TE,4033,,,,
,QB,4775,,,,
,WR,2787,,,,
,TE,3554,,,,
,WR,6154,,,,
,WR,12421,,,,
,WR,3916,,,,
,TE,5235,,,,
,WR,12224,,,,
,WR,6380,,,,
,TE,10214,,,,
,QB,8560,,,,
,TE,6469,,,,
,QB,7585,,,,
,QB,4061,,,,
,WR,5176,,,,
,TE,5906,,,,
,WR,7751,,,,
,TE,6016,,,,
,WR,8928,,,,
,WR,11964,,,,
,WR,7586,,,,
,WR,2750,,,,
,WR,1426,,,,
,WR,3542,,,,
,WR,6540,,,,
,RB,8243,,,,
,RB,3300,,,,
,WR,2801,,,,
,WR,12244,,,,
,WR,4200,,,,
,WR,4610,,,,
,WR,2023,,,,
,RB,4777,,,,
,WR,4146,,,,
,RB,7893,,,,
,WR,7612,,,,
,WR,5872,,,,
,RB,6931,,,,
,RB,13080,,,,
,RB,5464,,,,
,TE,284,,,,
,WR,3286,,,,
,RB,4774,,,,
,WR,9501,,,,
,RB,5143,,,,
,WR,12976,,,,
,RB,7609,,,,
,WR,8439,,,,
,TE,1619,,,,
,WR,2918,,,,
,WR,7279,,,,
,RB,8721,,,,
,WR,5295,,,,
,RB,10870,,,,
,WR,8801,,,,
,WR,3727,,,,
,WR,6849,,,,
,WR,5101,,,,
,RB,7551,,,,
,TE,5277,,,,
,WR,5290,,,,
,WR,6234,,,,
,WR,5703,,,,
,WR,4814,,,,
,QB,2028,,,,
,TE,1718,,,,
,WR,8570,,,,
,WR,1939,,,,
,QB,8199,,,,
,WR,10234,,,,
,RB,6694,,,,
,TE,8245,,,,
,WR,7100,,,,
,RB,6753,,,,
,RB,3198,,,,
,WR,1842,,,,
,WR,5539,,,,
,RB,4949,,,,
,WR,2940,,,,
,WR,147,,,,
,TE,4940,,,,
,RB,12121,,,,
,QB,4017,,,,
,WR,2931,,,,
,TE,8102,,,,
,QB,4026,,,,
,RB,2632,,,,
,QB,8159,,,,
,WR,5243,,,,
,RB,9505,,,,
,WR,2577,,,,
,WR,2319,,,,
,WR,11834,,,,
,WR,8253,,,,
,TE,6956,,,,
,WR,12019,,,,
,TE,11820,,,,
,WR,6847,,,,
,WR,3393,,,,
,TE,2346,,,,
,WR,3021,,,,
,WR,5244,,,,
,QB,11556,,,,
,WR,3380,,,,
,TE,2922,,,,
,RB,12476,,,,
,WR,7396,,,,
,WR,5292,,,,
,RB,6130,,,,
,WR,2342,,,,
,RB,6068,,,,
,RB,4519,,,,
,QB,6595,,,,
De'Von Achane,RB,9226,,,,
,WR,8411,,,,
,WR,3500,,,,
,TE,12443,,,,
,RB,3412,,,,
,WR,8186,,,,
,RB,2168,,,,
,WR,7525,,,,
,RB,3209,,,,
,RB,6539,,,,
,WR,5608,,,,
,WR,8108,,,,
,WR,11629,,,,
,WR,8019,,,,
,WR,11913,,,,
,RB,7236,,,,
,RB,9512,,,,
,RB,6153,,,,
,WR,574,,,,
,WR,7729,,,,
,WR,3599,,,,
,WR,6985,,,,
,QB,12486,,,,
,RB,11580,,,,
,WR,6047,,,,
,WR,7996,,,,
,WR,12281,,,,
,RB,788,,,,
,WR,5937,,,,
,WR,5828,,,,
,WR,4951,,,,
,RB,3488,,,,
,RB,12471,,,,
,WR,6453,,,,
,WR,4983,,,,
,TE,12973,,,,
,WR,7989,,,,
,QB,12773,,,,
,RB,11989,,,,
,WR,5846,,,,
,WR,3505,,,,
,WR,12732,,,,
,TE,6993,,,,
,RB,2820,,,,
,TE,7502,,,,
,TE,6074,,,,
,WR,2570,,,,
,RB,12515,,,,
,WR,6824,,,,
,RB,4111,,,,
,WR,12946,,,,
,RB,6592,,,,
,WR,8166,,,,
,WR,11382,,,,
,WR,9486,,,,
,WR,1971,,,,
,WR,8052,,,,
,WR,12541,,,,
,WR,5242,,,,
,WR,4595,,,,
,RB,5536,,,,
,WR,2291,,,,
,WR,6449,,,,
,WR,13064,,,,
,QB,10862,,,,
,WR,5359,,,,
,TE,13210,,,,
Drake London,WR,8112,,,,
Drake Maye,QB,11564,,,,
,WR,12133,,,,
,TE,8760,,,,
,WR,6362,,,,
,WR,2587,,,,
,QB,11169,,,,
,QB,6371,,,,
,TE,6374,,,,
,QB,289,,,,
,WR,8543,,,,
,QB,5854,,,,
,WR,4396,,,,
,TE,8489,,,,
,QB,8915,,,,
,TE,6001,,,,
,QB,181,,,,
,WR,11204,,,,
,RB,2382,,,,
,WR,3846,,,,
,TE,5008,,,,
,WR,3630,,,,
,QB,8212,,,,
,RB,8184,,,,
,WR,902,,,,
,RB,3391,,,,
,WR,7587,,,,
,TE,5103,,,,
,WR,11474,,,,
,RB,11574,,,,
,TE,12107,,,,
,RB,12283,,,,
,TE,8751,,,,
,RB,12469,,,,
,TE,7905,,,,
,TE,7272,,,,
,WR,13143,,,,
2025 Early 1st,,,,,,
2027 Early 1st,,,,,,
2026 Early 1st,,,,,,
,WR,7334,,,,
,WR,7337,,,,
,TE,12354,,,,
,QB,6185,,,,
,WR,11529,,,,
,WR,12542,,,,
,TE,11304,,,,
,QB,8193,,,,
,WR,5744,,,,
,QB,4665,,,,
,WR,12909,,,,
,WR,7935,,,,
,TE,13100,,,,
,TE,7065,,,,
,WR,12499,,,,
,TE,12521,,,,
,RB,12066,,,,
,WR,11139,,,,
,RB,11114,,,,
,TE,10231,,,,
,RB,5919,,,,
,WR,5548,,,,
,RB,4263,,,,
,RB,7561,,,,
,WR,7596,,,,
,RB,12818,,,,
,RB,3803,,,,
,WR,12810,,,,
,RB,11483,,,,
,TE,6462,,,,
,RB,11998,,,,
,WR,5924,,,,
,RB,11435,,,,
,RB,11199,,,,
Emeka Egbuka,WR,12514,,,,
,WR,8238,,,,
,WR,6107,,,,
,WR,538,,,,
,QB,11961,,,,
,RB,6951,,,,
,WR,5323,,,,
,QB,6443,,,,
,TE,2118,,,,
,TE,2932,,,,
,RB,10223,,,,
,WR,1701,,,,
,TE,4189,,,,
,TE,2755,,,,
,TE,3908,,,,
,TE,11592,,,,
,WR,8114,,,,
,TE,8575,,,,
,TE,2957,,,,
,RB,5407,,,,
,WR,8831,,,,
,QB,12965,,,,
,TE,5196,,,,
,TE,4605,,,,
,WR,5530,,,,
,TE,4066,,,,
,RB,9220,,,,
,RB,3164,,,,
,WR,2703,,,,
,TE,7483,,,,
,TE,7531,,,,
,QB,8798,,,,
,WR,5941,,,,
,WR,6697,,,,
,TE,5985,,,,
,WR,1273,,,,
,WR,7530,,,,
,RB,232,,,,
,RB,11573,,,,
,TE,4930,,,,
,WR,4752,,,,
,WR,4360,,,,
,WR,6701,,,,
,WR,7135,,,,
,WR,6943,,,,
,WR,4508,,,,
,WR,13101,,,,
,TE,3045,,,,
,QB,6011,,,,
,WR,11528,,,,
,TE,1223,,,,
,TE,5756,,,,
,QB,2229,,,,
,QB,12792,,,,
,TE,3894,,,,
,RB,7990,,,,
,TE,5750,,,,
,WR,5637,,,,
,WR,4922,,,,
,TE,8621,,,,
Garrett Wilson,WR,8146,,,,
,RB,7529,,,,
,WR,6045,,,,
,TE,12700,,,,
,QB,12149,,,,
,WR,11478,,,,
,WR,2913,,,,
,TE,12981,,,,
,WR,4489,,,,
,QB,1373,,,,
,TE,2545,,,,
,WR,12093,,,,
,WR,7387,,,,
,RB,12048,,,,
,TE,4217,,,,
,WR,8137,,,,
,TE,12435,,,,
,TE,4089,,,,
,RB,5791,,,,
,WR,2487,,,,
,WR,4827,,,,
,WR,3503,,,,
,RB,7539,,,,
,TE,8247,,,,
,WR,13153,,,,
,WR,4710,,,,
,RB,1386,,,,
,RB,5220,,,,
,WR,642,,,,
,TE,8095,,,,
,QB,12705,,,,
,TE,8177,,,,
,WR,11024,,,,
,TE,8638,,,,
,RB,8226,,,,
,WR,5970,,,,
,TE,8172,,,,
,WR,6744,,,,
,TE,11224,,,,
,TE,12502,,,,
,QB,12003,,,,
,WR,6699,,,,
,RB,5248,,,,
,RB,2785,,,,
,QB,13017,,,,
,TE,5886,,,,
,WR,12757,,,,
,TE,6439,,,,
,WR,12413,,,,
,TE,12506,,,,
,TE,2770,,,,
,TE,6850,,,,
,WR,3920,,,,
,RB,11270,,,,
,RB,8123,,,,
,WR,11607,,,,
,TE,4973,,,,
,TE,12389,,,,
,QB,9998,,,,
,WR,8694,,,,
,WR,6789,,,,
,WR,5848,,,,
,QB,11216,,,,
,TE,6846,,,,
,QB,13217,,,,
,TE,3214,,,,
,TE,7938,,,,
,TE,7535,,,,
,WR,5955,,,,
,TE,7522,,,,
,QB,7589,,,,
,TE,6308,,,,
,TE,4995,,,,
,RB,12036,,,,
,WR,13228,,,,
,WR,2916,,,,
,WR,7559,,,,
,TE,6126,,,,
,WR,8861,,,,
,RB,11651,,,,
,TE,5957,,,,
,TE,12126,,,,
,WR,12535,,,,
,WR,6626,,,,
,WR,12503,,,,
,RB,11431,,,,
,WR,7085,,,,
,RB,11571,,,,
,WR,4252,,,,
,WR,6920,,,,
,TE,8131,,,,
,WR,4197,,,,
,WR,7899,,,,
,WR,13074,,,,
,TE,6618,,,,
,RB,8153,,,,
,WR,11982,,,,
,WR,8229,,,,
,WR,11608,,,,
,WR,11232,,,,
,WR,11941,,,,
,WR,7407,,,,
,WR,7458,,,,
,WR,6209,,,,
,WR,4289,,,,
,WR,2879,,,,
,RB,8205,,,,
,RB,9227,,,,
,RB,4630,,,,
,RB,5004,,,,
,TE,11524,,,,
,WR,12170,,,,
,RB,12356,,,,
,RB,13047,,,,
,TE,6139,,,,
,WR,12483,,,,
,QB,8201,,,,
,TE,1706,,,,
,QB,5392,,,,
,QB,12009,,,,
,WR,8420,,,,
,TE,7946,,,,
,TE,12045,,,,
,TE,6728,,,,
,TE,12658,,,,
,WR,12938,,,,
,TE,7015,,,,
,WR,9503,,,,
,WR,11616,,,,
,QB,6317,,,,
,QB,6823,,,,
,WR,7703,,,,
,TE,4421,,,,
,QB,3978,,,,
,RB,11900,,,,
,RB,11237,,,,
,QB,12278,,,,
,TE,12118,,,,
,QB,3257,,,,
,WR,13120,,,,
,WR,12967,,,,
,WR,12532,,,,
,RB,12533,,,,
,RB,6108,,,,
,WR,11521,,,,
,RB,12013,,,,
,WR,13246,,,,
,WR,9498,,,,
,WR,12398,,,,
,TE,5754,,,,
,WR,11867,,,,
,WR,5140,,,,
,WR,7713,,,,
,WR,8119,,,,
,WR,13079,,,,
,TE,11605,,,,
,WR,13041,,,,
Jahmyr Gibbs,RB,9221,,,,
,RB,2581,,,,
,WR,8234,,,,
,WR,10867,,,,
,TE,12817,,,,
,QB,6111,,,,
,TE,7460,,,,
,TE,4151,,,,
,QB,3410,,,,
,TE,8110,,,,
,QB,6822,,,,
,RB,7771,,,,
,QB,10215,,,,
,TE,8061,,,,
,QB,2620,,,,
,WR,8690,,,,
,WR,2821,,,,
,QB,7084,,,,
,TE,3514,,,,
,TE,6260,,,,
,TE,5246,,,,
,QB,3347,,,,
,TE,8698,,,,
,QB,2569,,,,
,WR,5211,,,,
,WR,3342,,,,
,WR,5947,,,,
,WR,12935,,,,
,QB,6596,,,,
,RB,11439,,,,
,WR,5005,,,,
,WR,11034,,,,
,WR,7789,,,,
,WR,11646,,,,
,WR,11506,,,,
,WR,6685,,,,
,WR,6421,,,,
,WR,5911,,,,
Jalen Hurts,QB,6904,,,,
,RB,12218,,,,
,WR,7173,,,,
,WR,11618,,,,
,QB,12510,,,,
,QB,7262,,,,
,WR,8180,,,,
,WR,6798,,,,
,RB,3868,,,,
,WR,12505,,,,
,WR,11158,,,,
,RB,3859,,,,
,WR,8117,,,,
,WR,8416,,,,
,WR,10230,,,,
,RB,12953,,,,
,WR,4934,,,,
,TE,8115,,,,
,TE,12866,,,,
,WR,9497,,,,
,RB,5961,,,,
,WR,12129,,,,
,WR,11619,,,,
,WR,3540,,,,
,WR,12925,,,,
,RB,4149,,,,
,WR,4198,,,,
,WR,6097,,,,
,TE,8741,,,,
,WR,3548,,,,
,WR,7244,,,,
,WR,4821,,,,
,WR,11633,,,,
,WR,6713,,,,
Ja'Marr Chase,WR,7564,,,,
,QB,2306,,,,
,WR,3078,,,,
,QB,11374,,,,
,RB,5785,,,,
,RB,4137,,,,
,RB,8138,,,,
,QB,2119,,,,
,RB,7336,,,,
,TE,5322,,,,
,TE,8170,,,,
,QB,7081,,,,
,TE,2476,,,,
,WR,6957,,,,
,WR,4320,,,,
,RB,6955,,,,
,RB,4533,,,,
,WR,5024,,,,
,RB,1848,,,,
,WR,8148,,,,
,QB,7555,,,,
,WR,6524,,,,
,WR,2410,,,,
,WR,12753,,,,
,RB,6996,,,,
,WR,11940,,,,
,RB,5809,,,,
,RB,7863,,,,
,WR,8232,,,,
,RB,12479,,,,
,WR,11133,,,,
,WR,8663,,,,
,TE,367,,,,
,WR,3462,,,,
,QB,3163,,,,
,WR,5775,,,,
,TE,6834,,,,
,TE,7317,,,,
,TE,8878,,,,
,WR,8418,,,,
,WR,11056,,,,
,TE,11595,,,,
,QB,9231,,,,
,RB,7537,,,,
,WR,1215,,,,
,WR,1684,,,,
,RB,11569,,,,
,WR,2636,,,,
,QB,8442,,,,
,QB,6136,,,,
,RB,12150,,,,
,RB,5278,,,,
,WR,1825,,,,
,RB,11590,,,,
,WR,13179,,,,
,RB,8194,,,,
,QB,12190,,,,
,WR,11311,,,,
,TE,4536,,,,
,RB,7107,,,,
,WR,6247,,,,
,TE,5217,,,,
,TE,3774,,,,
,TE,23,,,,
,TE,11600,,,,
,WR,7049,,,,
,WR,2939,,,,
,RB,7563,,,,
,WR,11645,,,,
,RB,6966,,,,
,WR,7890,,,,
,WR,5111,,,,
,WR,8632,,,,
,RB,7588,,,,
,RB,2430,,,,
,RB,11588,,,,
,RB,2767,,,,
,WR,12173,,,,
Jaxon Smith-Njigba,WR,9488,,,,
,QB,12508,,,,
,RB,2452,,,,
,WR,3520,,,,
Jayden Daniels,QB,11566,,,,
,WR,12484,,,,
,WR,10222,,,,
,RB,12457,,,,
,WR,3852,,,,
,WR,11874,,,,
,RB,5107,,,,
,WR,6155,,,,
,WR,7526,,,,
,RB,8228,,,,
,RB,11643,,,,
,WR,12641,,,,
,WR,12536,,,,
,WR,7191,,,,
,WR,5997,,,,
,RB,3664,,,,
,TE,2565,,,,
,WR,5275,,,,
,WR,7319,,,,
,QB,3362,,,,
,WR,11850,,,,
,TE,2397,,,,
,WR,6557,,,,
,WR,7076,,,,
,RB,5284,,,,
,WR,4169,,,,
,WR,12245,,,,
,TE,8219,,,,
,WR,12144,,,,
,WR,8410,,,,
,TE,3340,,,,
,TE,8203,,,,
,WR,7874,,,,
,WR,13124,,,,
,RB,6246,,,,
,RB,4219,,,,
,QB,12352,,,,
,TE,8145,,,,
,TE,4221,,,,
,WR,2920,,,,
,RB,2161,,,,
,WR,12778,,,,
,WR,11640,,,,
,WR,11897,,,,
,WR,1290,,,,
,TE,13129,,,,
,RB,7599,,,,
,WR,7394,,,,
,QB,4853,,,,
,TE,2304,,,,
,RB,8143,,,,
,WR,11522,,,,
,WR,4328,,,,
,TE,6375,,,,
,WR,8236,,,,
,RB,8120,,,,
,WR,6783,,,,
,QB,2557,,,,
,WR,11911,,,,
,TE,6075,,,,
,TE,2463,,,,
,WR,11452,,,,
,WR,5261,,,,
,TE,4864,,,,
,WR,4786,,,,
,WR,7582,,,,
,WR,11808,,,,
,TE,8039,,,,
,WR,2771,,,,
,TE,12834,,,,
Jimmy Garoppolo+414,QB,1837,+414,,,
,TE,616,,,,
,WR,13173,,,,
,WR,12523,,,,
,WR,5254,,,,
,WR,5863,,,,
,TE,12975,,,,
,TE,8884,,,,
,WR,12913,,,,
,WR,7339,,,,
,WR,12231,,,,
J.J. McCarthy,QB,11565,,,,
,WR,2462,,,,
,RB,6973,,,,
,TE,12095,,,,
,RB,6806,,,,
,QB,7156,,,,
,WR,12777,,,,
,TE,6665,,,,
Joe Burrow,QB,6770,,,,
,QB,19,,,,
,WR,6686,,,,
,WR,6692,,,,
,QB,11557,,,,
Joe Mixon-407,RB,4018,-371,,,
,WR,6913,,,,
,WR,6727,,,,
,QB,606,,,,
,RB,4042,,,,
,RB,4548,,,,
,TE,11197,,,,
,QB,3456,,,,
,TE,11113,,,,
,TE,7716,,,,
,WR,2238,,,,
,TE,12905,,,,
,RB,5550,,,,
,WR,5425,,,,
,TE,8500,,,,
,WR,5705,,,,
,WR,11223,,,,
,WR,2578,,,,
,WR,7086,,,,
,WR,7455,,,,
,WR,12410,,,,
,WR,12383,,,,
,RB,5076,,,,
,RB,8568,,,,
,QB,6231,,,,
,QB,12277,,,,
,WR,8147,,,,
,TE,8685,,,,
,QB,12197,,,,
,QB,11859,,,,
,RB,4504,,,,
,WR,4038,,,,
,TE,11467,,,,
,TE,11511,,,,
,WR,6168,,,,
,QB,5806,,,,
,WR,6392,,,,
,WR,7414,,,,
,WR,6019,,,,
,WR,3476,,,,
,WR,8185,,,,
,WR,11282,,,,
,TE,11380,,,,
,TE,4314,,,,
,WR,11636,,,,
,WR,4330,,,,
,WR,7370,,,,
,RB,6446,,,,
,WR,5384,,,,
,WR,7613,,,,
,WR,6320,,,,
,WR,10225,,,,
Jonathan Taylor,RB,6813,,,,
,RB,7087,,,,
,RB,3312,,,,
,RB,11583,,,,
,WR,2934,,,,
,TE,4144,,,,
,WR,8628,,,,
,WR,6420,,,,
,WR,9756,,,,
,TE,5032,,,,
,WR,12891,,,,
,WR,11089,,,,
,RB,5168,,,,
,RB,6318,,,,
,TE,5253,,,,
,RB,3306,,,,
,RB,12467,,,,
,RB,4537,,,,
,TE,4153,,,,
Jordan Love,QB,6804,,,,
,RB,8408,,,,
,TE,1800,,,,
,RB,11378,,,,
,WR,12761,,,,
,TE,11493,,,,
,TE,12549,,,,
,TE,1500,,,,
,RB,6167,,,,
,WR,5590,,,,
,QB,6730,,,,
,RB,11975,,,,
,TE,5117,,,,
,QB,11567,,,,
,WR,5293,,,,
,RB,13010,,,,
,WR,12634,,,,
,WR,4787,,,,
,WR,11623,,,,
,RB,5100,,,,
,WR,3621,,,,
,WR,11504,,,,
,WR,11276,,,,
,WR,6661,,,,
,WR,12222,,,,
,RB,5136,,,,
,WR,8931,,,,
Josh Allen,QB,4984,,,,
,TE,8559,,,,
,WR,1312,,,,
,TE,8769,,,,
,RB,6710,,,,
,WR,5760,,,,
,WR,3178,,,,
,WR,9500,,,,
,RB,3453,,,,
,WR,1244,,,,
,WR,7287,,,,
,WR,2713,,,,
,TE,1777,,,,
,WR,8008,,,,
,RB,5850,,,,
,QB,260,,,,
,RB,8051,,,,
,WR,8222,,,,
,WR,12848,,,,
,QB,7157,,,,
,WR,4301,,,,
,WR,4160,,,,
,QB,208,,,,
,TE,5973,,,,
,WR,7452,,,,
,TE,7733,,,,
,WR,2905,,,,
,WR,4171,,,,
,QB,4863,,,,
,RB,4797,,,,
,WR,5762,,,,
,WR,11329,,,,
,TE,10212,,,,
,RB,12787,,,,
,QB,3440,,,,
,WR,12114,,,,
,QB,4179,,,,
,RB,7045,,,,
,TE,12300,,,,
,WR,7670,,,,
,TE,3668,,,,
,TE,12883,,,,
,TE,7050,,,,
,TE,4409,,,,
,TE,3695,,,,
,WR,12746,,,,
,QB,5228,,,,
,WR,4040,,,,
,WR,344,,,,
,WR,13108,,,,
,WR,12151,,,,
,TE,11371,,,,
,WR,5804,,,,
,WR,947,,,,
,RB,8254,,,,
,WR,12743,,,,
,RB,5995,,,,
,WR,4831,,,,
,WR,7299,,,,
,RB,5398,,,,
,QB,7591,,,,
,WR,8441,,,,
,WR,2412,,,,
Justin Herbert,QB,6797,,,,
,RB,5131,,,,
Justin Jefferson,WR,6794,,,,
,TE,6493,,,,
,WR,13152,,,,
,WR,11191,,,,
,TE,8778,,,,
,WR,9489,,,,
,TE,2886,,,,
,RB,5800,,,,
,RB,12188,,,,
,WR,6384,,,,
,TE,2930,,,,
,WR,5374,,,,
,WR,8140,,,,
,WR,7174,,,,
,TE,7002,,,,
,WR,6223,,,,
,WR,7606,,,,
,WR,11419,,,,
,WR,8755,,,,
,WR,12721,,,,
,TE,6146,,,,
,TE,6164,,,,
,WR,6358,,,,
,WR,7616,,,,
,RB,12434,,,,
,RB,12504,,,,
,RB,12516,,,,
,RB,4994,,,,
,TE,8088,,,,
,RB,4385,,,,
,WR,3634,,,,
,WR,6832,,,,
,WR,8248,,,,
,WR,8888,,,,
,WR,11994,,,,
,RB,5273,,,,
,TE,6399,,,,
,RB,5976,,,,
,WR,5283,,,,
,RB,4098,,,,
,WR,4364,,,,
,WR,2733,,,,
,WR,8917,,,,
,WR,7752,,,,
,WR,5747,,,,
,WR,8863,,,,
,WR,12296,,,,
,RB,12963,,,,
,WR,9504,,,,
,WR,11070,,,,
,WR,4456,,,,
KeAndre Lambert-Smith+701,WR,12670,+414,,,
,RB,8221,,,,
,WR,11099,,,,
,RB,9511,,,,
,QB,11648,,,,
,WR,4622,,,,
,WR,6032,,,,
,WR,1479,,,,
,TE,6389,,,,
,WR,4641,,,,
,WR,5962,,,,
,WR,4823,,,,
,TE,8706,,,,
,WR,11190,,,,
,RB,11773,,,,
,WR,5134,,,,
,RB,3397,,,,
,TE,4545,,,,
,WR,5007,,,,
,WR,8825,,,,
,TE,12765,,,,
,QB,7581,,,,
,WR,12755,,,,
,WR,5884,,,,
,WR,6438,,,,
,WR,3917,,,,
,TE,6081,,,,
,WR,7210,,,,
,RB,11649,,,,
,RB,9757,,,,
,WR,8783,,,,
,WR,4454,,,,
,WR,3052,,,,
,WR,7035,,,,
,RB,7720,,,,
,QB,8057,,,,
,RB,1546,,,,
,RB,8152,,,,
,RB,3208,,,,
,RB,7567,,,,
,RB,2730,,,,
,RB,8151,,,,
,WR,2465,,,,
,WR,2836,,,,
,WR,4131,,,,
,WR,3398,,,,
,RB,10216,,,,
,QB,8160,,,,
,WR,1555,,,,
,TE,7597,,,,
,TE,4861,,,,
,RB,3242,,,,
,WR,2783,,,,
,WR,11637,,,,
,WR,4445,,,,
,WR,8892,,,,
,WR,4785,,,,
,RB,6175,,,,
,RB,5068,,,,
,RB,2927,,,,
,RB,6885,,,,
,WR,12971,,,,
,WR,8858,,,,
,WR,13193,,,,
,WR,8200,,,,
,QB,7243,,,,
,TE,12215,,,,
,RB,8174,,,,
,QB,3318,,,,
,WR,8876,,,,
,RB,8424,,,,
,TE,5171,,,,
,WR,8697,,,,
,WR,4699,,,,
,WR,2312,,,,
,WR,4708,,,,
,WR,3475,,,,
,WR,13194,,,,
,WR,11344,,,,
,WR,5773,,,,
,RB,11176,,,,
,RB,4283,,,,
,RB,4697,,,,
,RB,7608,,,,
,WR,7580,,,,
,WR,8134,,,,
,WR,7401,,,,
,RB,11647,,,,
,QB,13175,,,,
,QB,1166,,,,
,WR,7351,,,,
,WR,13166,,,,
,TE,3596,,,,
,QB,8087,,,,
,WR,6805,,,,
,WR,6866,,,,
,WR,3515,,,,
,WR,7066,,,,
,TE,8484,,,,
,WR,12488,,,,
,RB,12026,,,,
,RB,5801,,,,
,WR,11359,,,,
,WR,3348,,,,
,TE,13085,,,,
,WR,12718,,,,
,WR,5210,,,,
,TE,11447,,,,
,WR,4526,,,,
,WR,7438,,,,
,QB,5142,,,,
,QB,12477,,,,
,WR,8435,,,,
,RB,12954,,,,
,QB,5127,,,,
,QB,4996,,,,
,WR,5236,,,,
,TE,7378,,,,
,QB,12494,,,,
,RB,12534,,,,
,WR,8171,,,,
,TE,7553,,,,
,TE,943,,,,
,WR,11901,,,,
,QB,6269,,,,
,QB,4588,,,,
,QB,7605,,,,
,WR,12547,,,,
,TE,7602,,,,
Kyler Murray,QB,5849,,,,
,RB,7572,,,,
,RB,8150,,,,
,WR,13208,,,,
,WR,8595,,,,
,TE,11543,,,,
,WR,1943,,,,
,RB,12306,,,,
Ladd McConkey,WR,11635,,,,
,WR,12699,,,,
,WR,4895,,,,
Lamar Jackson,QB,4881,,,,
,QB,5239,,,,
,RB,1048,,,,
,RB,6908,,,,
,TE,11540,,,,
,RB,12969,,,,
,TE,964,,,,
,WR,4750,,,,
,WR,8745,,,,
,WR,7915,,,,
,WR,8705,,,,
,WR,12820,,,,
,TE,8026,,,,
,WR,3155,,,,
,WR,5427,,,,
,WR,4680,,,,
,WR,223,,,,
,RB,5618,,,,
,RB,7574,,,,
,RB,1476,,,,
,WR,12360,,,,
,WR,6814,,,,
,RB,13242,,,,
,TE,7106,,,,
,WR,12001,,,,
,RB,8217,,,,
,TE,812,,,,
,RB,2945,,,,
,RB,4636,,,,
,WR,11863,,,,
,RB,3969,,,,
,TE,11140,,,,
,RB,12544,,,,
,TE,8660,,,,
,RB,676,,,,
,RB,6959,,,,
,RB,1408,,,,
,WR,4338,,,,
,QB,8429,,,,
,TE,1642,,,,
,RB,9510,,,,
,WR,5938,,,,
,TE,12237,,,,
,WR,12077,,,,
,RB,6161,,,,
,QB,2206,,,,
,TE,587,,,,
,TE,2996,,,,
,TE,2251,,,,
,QB,5128,,,,
,RB,12226,,,,
,RB,11652,,,,
,TE,8249,,,,
,WR,11520,,,,
,QB,5709,,,,
,WR,8650,,,,
,TE,11862,,,,
,TE,13205,,,,
,QB,5108,,,,
,TE,7842,,,,
,WR,13189,,,,
,WR,12803,,,,
,TE,12725,,,,
,RB,2914,,,,
,WR,11650,,,,
,TE,9481,,,,
,TE,10871,,,,
,TE,963,,,,
,TE,1603,,,,
,WR,12519,,,,
,WR,6909,,,,
,WR,12809,,,,
,WR,11247,,,,
,QB,7527,,,,
,WR,4177,,,,
,WR,8209,,,,
,WR,11526,,,,
,WR,11617,,,,
,WR,5777,,,,
,RB,2588,,,,
,TE,12187,,,,
,WR,4392,,,,
,WR,7109,,,,
,QB,10860,,,,
,RB,8800,,,,
,WR,5169,,,,
,WR,11192,,,,
,WR,11210,,,,
,WR,6552,,,,
,WR,11080,,,,
Malik Nabers,WR,11632,,,,
,WR,6239,,,,
,WR,5781,,,,
,WR,11610,,,,
,WR,8770,,,,
,RB,5144,,,,
,QB,8161,,,,
,WR,7400,,,,
,QB,6343,,,,
,TE,111,,,,
,RB,6700,,,,
,WR,4942,,,,
,WR,5207,,,,
,TE,5233,,,,
,RB,11222,,,,
,WR,6288,,,,
,WR,3445,,,,
,WR,4491,,,,
,WR,3584,,,,
,WR,2191,,,,
,RB,13154,,,,
,QB,2307,,,,
,RB,6548,,,,
,RB,5558,,,,
,WR,5786,,,,
,WR,12235,,,,
,WR,11946,,,,
,TE,8589,,,,
,WR,6712,,,,
,WR,3817,,,,
,RB,12546,,,,
,WR,2800,,,,
,WR,13001,,,,
,TE,5012,,,,
,WR,5776,,,,
,RB,956,,,,
,TE,13013,,,,
,RB,5463,,,,
,TE,8101,,,,
,RB,4997,,,,
,RB,2943,,,,
,WR,3568,,,,
,RB,12341,,,,
,RB,4152,,,,
,WR,7545,,,,
,WR,1987,,,,
,WR,6989,,,,
,WR,2846,,,,
,WR,3464,,,,
,WR,7556,,,,
,WR,5086,,,,
,RB,6742,,,,
,WR,1346,,,,
,QB,3524,,,,
,TE,13032,,,,
,RB,3531,,,,
,RB,11581,,,,
,RB,745,,,,
,WR,1916,,,,
,RB,5138,,,,
,WR,7286,,,,
,WR,4813,,,,
,WR,3895,,,,
Marvin Harrison Jr.,WR,11628,,,,
,WR,1067,,,,
,WR,9494,,,,
,TE,12260,,,,
,WR,7436,,,,
,TE,12068,,,,
,QB,4972,,,,
,TE,4229,,,,
,TE,12498,,,,
,WR,11895,,,,
,RB,8149,,,,
,RB,8233,,,,
,WR,7619,,,,
,RB,12288,,,,
,QB,1338,,,,
,RB,4455,,,,
,TE,7992,,,,
,RB,6352,,,,
,RB,6385,,,,
,WR,7352,,,,
,QB,8164,,,,
,WR,5699,,,,
,TE,2944,,,,
,WR,10869,,,,
,TE,3036,,,,
,QB,233,,,,
,QB,24,,,,
,QB,178,,,,
,TE,8074,,,,
,TE,6233,,,,
,TE,3648,,,,
,WR,6468,,,,
,WR,12501,,,,
,WR,312,,,,
,QB,421,,,,
,WR,8921,,,,
,WR,7234,,,,
,RB,8218,,,,
,QB,12775,,,,
,QB,10233,,,,
,TE,13162,,,,
,QB,3551,,,,
,TE,2360,,,,
,TE,12070,,,,
,WR,5917,,,,
,WR,3418,,,,
,RB,8085,,,,
,RB,2320,,,,
,TE,12154,,,,
,RB,13125,,,,
,WR,7618,,,,
,WR,6663,,,,
,WR,8076,,,,
,RB,7607,,,,
,TE,6590,,,,
,WR,455,,,,
,WR,7457,,,,
,RB,2597,,,,
,TE,11126,,,,
,WR,5038,,,,
,RB,12284,,,,
,QB,12408,,,,
,TE,8094,,,,
,WR,2754,,,,
,TE,9482,,,,
,TE,3588,,,,
,QB,11559,,,,
,WR,6819,,,,
,QB,11561,,,,
,WR,4599,,,,
,WR,7944,,,,
,WR,3199,,,,
,WR,6363,,,,
,RB,6992,,,,
,RB,11943,,,,
,WR,10232,,,,
,WR,8202,,,,
,WR,8828,,,,
,TE,6737,,,,
,WR,5294,,,,
,QB,3495,,,,
,RB,5209,,,,
,RB,2431,,,,
,QB,11932,,,,
,TE,4807,,,,
,WR,2216,,,,
,TE,4993,,,,
,QB,1559,,,,
,WR,8421,,,,
,TE,12246,,,,
,WR,3652,,,,
,RB,6159,,,,
,QB,5089,,,,
,WR,4068,,,,
,RB,7172,,,,
,TE,6490,,,,
,WR,5965,,,,
,RB,6151,,,,
,TE,7854,,,,
,WR,11536,,,,
,QB,4839,,,,
,WR,3516,,,,
,WR,13227,,,,
,TE,12473,,,,
,WR,4727,,,,
,WR,11068,,,,
,QB,3976,,,,
,TE,6894,,,,
,TE,3880,,,,
,TE,4054,,,,
,RB,10651,,,,
,WR,1071,,,,
,TE,12480,,,,
,WR,12852,,,,
,WR,13222,,,,
,WR,13199,,,,
,RB,12868,,,,
,WR,8475,,,,
,WR,4367,,,,
,WR,13026,,,,
,WR,12966,,,,
,TE,6586,,,,
,TE,3336,,,,
,TE,2446,,,,
,RB,5980,,,,
,WR,13075,,,,
,WR,7578,,,,
,RB,7528,,,,
,TE,7359,,,,
,RB,7475,,,,
,TE,11433,,,,
,TE,6535,,,,
,TE,4803,,,,
,WR,12893,,,,
,RB,8058,,,,
,RB,12859,,,,
,QB,6892,,,,
,QB,3343,,,,
,TE,7245,,,,
,RB,12897,,,,
,RB,7466,,,,
,QB,4183,,,,
,QB,8938,,,,
,RB,12007,,,,
,TE,8890,,,,
,TE,12135,,,,
,WR,8436,,,,
,WR,2325,,,,
,QB,5265,,,,
,TE,7308,,,,
,TE,2474,,,,
,RB,6021,,,,
,RB,4988,,,,
,WR,6227,,,,
,TE,7859,,,,
,QB,6606,,,,
,QB,1029,,,,
,TE,8038,,,,
,WR,5710,,,,
,TE,13151,,,,
,TE,5465,,,,
,QB,4464,,,,
,TE,8523,,,,
,WR,12478,,,,
,TE,2495,,,,
,RB,7941,,,,
,QB,4926,,,,
,QB,5745,,,,
,QB,7465,,,,
,TE,3921,,,,
,TE,3258,,,,
,WR,7496,,,,
,WR,1604,,,,
,WR,11530,,,,
Nico Collins,WR,7569,,,,
,RB,6637,,,,
,WR,2790,,,,
,WR,11320,,,,
,TE,8107,,,,
,TE,5878,,,,
,WR,4234,,,,
,RB,12061,,,,
,TE,5857,,,,
,TE,11225,,,,
,TE,7828,,,,
,TE,7404,,,,
,WR,4600,,,,
,TE,8817,,,,
,QB,11388,,,,
,WR,6387,,,,
,RB,5347,,,,
,WR,5950,,,,
,WR,2078,,,,
,WR,12033,,,,
,TE,4055,,,,
,WR,6271,,,,
,WR,11136,,,,
,RB,12495,,,,
,WR,7080,,,,
Omarion Hampton,RB,12507,,,,
,WR,12453,,,,
,TE,12493,,,,
,TE,12800,,,,
,WR,7860,,,,
,RB,8077,,,,
,RB,11384,,,,
,WR,6364,,,,
,TE,6662,,,,
,TE,7397,,,,
,WR,9487,,,,
,WR,5880,,,,
,WR,12492,,,,
,TE,13014,,,,
,TE,7600,,,,
,RB,7425,,,,
,TE,12901,,,,
,RB,6311,,,,
Patrick Mahomes,QB,4046,,,,
,TE,11245,,,,
,RB,6963,,,,
,WR,2674,,,,
,RB,3211,,,,
,TE,7499,,,,
,WR,2279,,,,
,QB,3170,,,,
,TE,10227,,,,
,QB,12762,,,,
,QB,12239,,,,
,WR,5902,,,,
,RB,7079,,,,
,WR,12373,,,,
,QB,5403,,,,
,RB,3594,,,,
,TE,8197,,,,
,TE,4443,,,,
,WR,3278,,,,
,TE,4725,,,,
,RB,12738,,,,
,QB,331,,,,
,WR,12254,,,,
,WR,2334,,,,
,RB,5170,,,,
,QB,2651,,,,
,RB,8116,,,,
,WR,4805,,,,
,QB,4335,,,,
,WR,11130,,,,
,RB,7560,,,,
,WR,12370,,,,
,WR,6148,,,,
,TE,11508,,,,
,TE,7985,,,,
Puka Nacua,WR,9493,,,,
,WR,12267,,,,
,RB,6002,,,,
,RB,13117,,,,
,RB,13088,,,,
,WR,6879,,,,
,RB,3646,,,,
,WR,9754,,,,
,WR,12907,,,,
,WR,3770,,,,
,WR,6927,,,,
,WR,1854,,,,
,WR,4910,,,,
,WR,12884,,,,
,QB,12500,,,,
Quinshon Judkins-1291,RB,12512,-371,,,
,WR,6895,,,,
,TE,7536,,,,
,WR,7793,,,,
,RB,8136,,,,
,RB,8255,,,,
,RB,2749,,,,
,RB,12472,,,,
,RB,2142,,,,
,RB,7532,,,,
,WR,9495,,,,
,WR,8732,,,,
,WR,11885,,,,
,RB,12402,,,,
,WR,928,,,,
,WR,6361,,,,
,RB,4985,,,,
,WR,7395,,,,
,WR,4828,,,,
,WR,3328,,,,
,WR,8571,,,,
,WR,10229,,,,
,WR,2753,,,,
,RB,2936,,,,
,RB,11570,,,,
,WR,8676,,,,
,WR,7571,,,,
,WR,12760,,,,
,RB,11575,,,,
,TE,2870,,,,
,RB,5252,,,,
,RB,6988,,,,
,WR,5096,,,,
,WR,13136,,,,
,WR,3893,,,,
,WR,6763,,,,
,RB,5162,,,,
,TE,13160,,,,
,WR,12169,,,,
,WR,3655,,,,
,RB,7204,,,,
,WR,8175,,,,
,WR,6261,,,,
,QB,7159,,,,
,RB,1387,,,,
,RB,7611,,,,
,TE,1211,,,,
,WR,3732,,,,
,TE,2146,,,,
,WR,5137,,,,
,WR,2935,,,,
,WR,5428,,,,
,WR,11638,,,,
,RB,8239,,,,
,RB,2600,,,,
,TE,4531,,,,
,WR,12475,,,,
,WR,7901,,,,
,RB,7021,,,,
,WR,5197,,,,
,WR,7988,,,,
,QB,12470,,,,
,QB,7158,,,,
,WR,5873,,,,
,TE,12250,,,,
,TE,12851,,,,
,WR,4854,,,,
,RB,12489,,,,
,WR,12276,,,,
,WR,4411,,,,
,TE,515,,,,
,WR,3423,,,,
,TE,12656,,,,
,RB,11060,,,,
,WR,4285,,,,
,WR,5250,,,,
,QB,1169,,,,
,WR,12950,,,,
,RB,5700,,,,
,TE,4602,,,,
,RB,1232,,,,
,WR,4790,,,,
,WR,1352,,,,
,WR,12972,,,,
,QB,12063,,,,
,WR,4208,,,,
,RB,5918,,,,
,RB,7101,,,,
,RB,2892,,,,
,TE,8757,,,,
,TE,8747,,,,
,QB,7897,,,,
,WR,11630,,,,
,RB,3883,,,,
,WR,11620,,,,
,WR,6394,,,,
,TE,6388,,,,
,WR,8121,,,,
,RB,11182,,,,
,RB,5052,,,,
,RB,4955,,,,
,WR,7601,,,,
,WR,10221,,,,
,RB,11413,,,,
,RB,8195,,,,
,TE,2553,,,,
,WR,12431,,,,
,RB,10235,,,,
,TE,5285,,,,
,RB,2981,,,,
,TE,3041,,,,
,RB,5046,,,,
,RB,13128,,,,
,RB,4923,,,,
,WR,5110,,,,
,WR,1333,,,,
,QB,1234,,,,
,TE,7162,,,,
,WR,6036,,,,
,QB,5885,,,,
,QB,333,,,,
,WR,11783,,,,
,WR,2093,,,,
,QB,1550,,,,
,TE,1425,,,,
,TE,5094,,,,
,TE,11298,,,,
,WR,8891,,,,
,WR,11421,,,,
,RB,5163,,,,
,TE,5547,,,,
,WR,4162,,,,
,QB,1049,,,,
,QB,8103,,,,
,TE,5718,,,,
,RB,6007,,,,
,TE,7379,,,,
,TE,7576,,,,
,TE,8089,,,,
,RB,6918,,,,
,WR,13225,,,,
,TE,4730,,,,
,QB,4943,,,,
,QB,7583,,,,
,QB,11558,,,,
,QB,8162,,,,
,WR,9496,,,,
,TE,10859,,,,
,WR,12018,,,,
,TE,13158,,,,
,WR,11957,,,,
,WR,12134,,,,
,RB,4147,,,,
,TE,7622,,,,
,WR,1817,,,,
,WR,8235,,,,
,RB,12308,,,,
,WR,8824,,,,
,RB,7412,,,,
Saquon Barkley,RB,4866,,,,
,RB,11104,,,,
,WR,12482,,,,
,WR,8700,,,,
,TE,7848,,,,
,TE,4309,,,,
,TE,2040,,,,
,RB,7005,,,,
,WR,6290,,,,
,WR,7237,,,,
,QB,10983,,,,
,TE,4660,,,,
,QB,2394,,,,
,TE,6964,,,,
,WR,6459,,,,
,WR,7368,,,,
,WR,11387,,,,
,RB,9506,,,,
,QB,4475,,,,
,RB,2114,,,,
,WR,5408,,,,
,WR,7426,,,,
,TE,3296,,,,
,TE,8539,,,,
,QB,12898,,,,
,WR,2039,,,,
,WR,7534,,,,
,WR,11172,,,,
,WR,4721,,,,
,QB,8002,,,,
,QB,2903,,,,
,WR,7161,,,,
,RB,5663,,,,
,TE,8041,,,,
,WR,4613,,,,
,WR,5638,,,,
,WR,11105,,,,
,WR,1855,,,,
,TE,8018,,,,
,RB,5395,,,,
,WR,6357,,,,
,TE,12217,,,,
,WR,6554,,,,
,WR,5431,,,,
,QB,7063,,,,
,QB,12524,,,,
,WR,11257,,,,
,WR,4214,,,,
,WR,8731,,,,
,RB,5752,,,,
,RB,8242,,,,
,WR,7603,,,,
,RB,13145,,,,
,WR,7309,,,,
,WR,12880,,,,
,WR,7812,,,,
,RB,8220,,,,
,RB,3615,,,,
,RB,11729,,,,
,QB,8206,,,,
,QB,4936,,,,
,WR,8168,,,,
,WR,8191,,,,
,RB,8179,,,,
,RB,3640,,,,
,RB,13022,,,,
,RB,4962,,,,
,WR,4938,,,,
,RB,7867,,,,
,QB,11562,,,,
,QB,12165,,,,
,WR,6593,,,,
,RB,1601,,,,
,WR,8419,,,,
,WR,6069,,,,
,RB,4373,,,,
,WR,2449,,,,
,TE,3496,,,,
,TE,5609,,,,
,TE,6451,,,,
,WR,12756,,,,
,WR,7462,,,,
,RB,1841,,,,
,WR,6342,,,,
,TE,6970,,,,
,WR,8633,,,,
,WR,3200,,,,
,QB,10857,,,,
,WR,5132,,,,
,QB,7013,,,,
,TE,3504,,,,
,WR,6402,,,,
,TE,11960,,,,
,TE,4535,,,,
,TE,4747,,,,
,RB,7904,,,,
,TE,12815,,,,
,TE,8583,,,,
,WR,11111,,,,
,RB,2949,,,,
,RB,12543,,,,
,WR,11821,,,,
,WR,12496,,,,
,RB,886,,,,
,RB,6705,,,,
,WR,5224,,,,
,WR,3297,,,,
,WR,12074,,,,
,WR,8573,,,,
,RB,12028,,,,
,RB,9225,,,,
,WR,9502,,,,
,TE,8849,,,,
,WR,4551,,,,
,TE,5409,,,,
,WR,12395,,,,
,QB,9230,,,,
,TE,11598,,,,
,QB,11924,,,,
,QB,11214,,,,
,TE,11415,,,,
,RB,4349,,,,
,WR,8005,,,,
,RB,4157,,,,
,QB,6489,,,,
,QB,12259,,,,
,RB,7103,,,,
,WR,1567,,,,
,WR,6755,,,,
,WR,8250,,,,
,WR,11418,,,,
,QB,13190,,,,
,WR,1903,,,,
,WR,11445,,,,
,QB,2711,,,,
,TE,4563,,,,
,WR,13139,,,,
,TE,2921,,,,
,RB,8707,,,,
,WR,8613,,,,
,TE,4381,,,,
,WR,11962,,,,
,WR,4125,,,,
,RB,12039,,,,
,TE,8227,,,,
,WR,695,,,,
,QB,2152,,,,
Tee Higgins,WR,6801,,,,
,WR,11802,,,,
,TE,3333,,,,
,WR,5255,,,,
,WR,11925,,,,
,WR,7565,,,,
,TE,12487,,,,
,WR,11115,,,,
,RB,12412,,,,
,RB,4408,,,,
,WR,1652,,,,
,RB,2900,,,,
,WR,5977,,,,
,WR,5927,,,,
,RB,5201,,,,
,WR,6492,,,,
Tetairoa McMillan,WR,12526,,,,
,RB,2378,,,,
,WR,3730,,,,
,WR,12485,,,,
,TE,6919,,,,
,WR,11073,,,,
,TE,11597,,,,
,RB,1517,,,,
,WR,12860,,,,
,TE,12715,,,,
,TE,11351,,,,
,WR,8437,,,,
,WR,6465,,,,
,TE,8924,,,,
,WR,4479,,,,
,TE,12113,,,,
,WR,11266,,,,
,QB,5257,,,,
,RB,4623,,,,
,QB,11163,,,,
,WR,8013,,,,
,WR,4351,,,,
,TE,2595,,,,
,TE,559,,,,
,WR,5714,,,,
,RB,2200,,,,
,TE,11716,,,,
,WR,2580,,,,
,RB,9507,,,,
,RB,9223,,,,
,TE,5844,,,,
,WR,2121,,,,
,QB,6522,,,,
,RB,4186,,,,
,WR,11312,,,,
,RB,8407,,,,
,WR,6401,,,,
,WR,13191,,,,
,WR,7960,,,,
,WR,7862,,,,
,RB,2341,,,,
,RB,13240,,,,
,RB,2315,,,,
,QB,167,,,,
,WR,6588,,,,
,QB,4794,,,,
,QB,11292,,,,
,TE,7439,,,,
,QB,12690,,,,
,TE,7149,,,,
,TE,6137,,,,
,TE,7694,,,,
,WR,3614,,,,
,RB,6585,,,,
,WR,7078,,,,
,RB,2875,,,,
,RB,6984,,,,
,WR,2639,,,,
,TE,7972,,,,
,RB,5967,,,,
,WR,4497,,,,
,RB,11538,,,,
,WR,12497,,,,
,RB,3688,,,,
,QB,5974,,,,
,WR,12849,,,,
,WR,8252,,,,
,WR,4520,,,,
,WR,1077,,,,
,RB,10865,,,,
,RB,7543,,,,
,WR,6059,,,,
,RB,6012,,,,
Travis Hunter,WR,12530,,,,
,WR,7454,,,,
,TE,1466,,,,
,TE,8905,,,,
,WR,8070,,,,
,TE,11381,,,,
,TE,4031,,,,
,RB,6236,,,,
,RB,6506,,,,
,RB,6144,,,,
,QB,8553,,,,
,RB,8027,,,,
,WR,12509,,,,
,TE,7554,,,,
,WR,12392,,,,
,WR,7546,,,,
,RB,12940,,,,
,WR,10213,,,,
,WR,8169,,,,
,WR,7978,,,,
,TE,13116,,,,
,TE,12191,,,,
,WR,5154,,,,
,WR,2752,,,,
,WR,4218,,,,
,RB,5123,,,,
,WR,6598,,,,
,WR,5026,,,,
,WR,11456,,,,
,RB,8189,,,,
TreVeyon Henderson,RB,12529,,,,
,WR,12355,,,,
,WR,6248,,,,
,WR,8581,,,,
,WR,8549,,,,
,WR,7949,,,,
,TE,6181,,,,
,WR,7217,,,,
,WR,3319,,,,
,RB,12531,,,,
,WR,2838,,,,
,QB,4528,,,,
,QB,7523,,,,
,QB,2549,,,,
,TE,6263,,,,
,RB,11589,,,,
,TE,1793,,,,
,RB,4696,,,,
,WR,4324,,,,
,TE,11601,,,,
,QB,7610,,,,
Trey McBride,TE,8130,,,,
,RB,2262,,,,
,WR,9492,,,,
,RB,12166,,,,
,WR,5139,,,,
,RB,7993,,,,
,RB,7593,,,,
,WR,8135,,,,
,TE,12320,,,,
,TE,12079,,,,
,WR,6395,,,,
,WR,7009,,,,
,WR,11627,,,,
,TE,5092,,,,
,RB,8820,,,,
,TE,5245,,,,
,RB,3934,,,,
,WR,13003,,,,
,QB,6768,,,,
,TE,8885,,,,
,TE,9484,,,,
,WR,11886,,,,
,WR,7562,,,,
,RB,8230,,,,
,WR,8196,,,,
,WR,1110,,,,
,WR,11906,,,,
,RB,6039,,,,
,RB,2399,,,,
,WR,9491,,,,
,RB,9508,,,,
,WR,11226,,,,
,WR,7595,,,,
,WR,11357,,,,
,RB,8132,,,,
,RB,8208,,,,
,WR,3225,,,,
,QB,1612,,,,
,TE,5133,,,,
,TE,7131,,,,
,TE,1388,,,,
,RB,3280,,,,
,QB,4704,,,,
,RB,8207,,,,
,WR,12029,,,,
,TE,3271,,,,
,RB,11123,,,,
,TE,5276,,,,
,WR,11148,,,,
,QB,7083,,,,
,WR,6960,,,,
,WR,12831,,,,
,TE,2390,,,,
,WR,2374,,,,
,TE,7427,,,,
,RB,4463,,,,
,TE,12850,,,,
,RB,4305,,,,
,WR,2910,,,,
,WR,9490,,,,
,QB,12545,,,,
,WR,7274,,,,
,WR,8409,,,,
,WR,7548,,,,
,TE,12518,,,,
,WR,8188,,,,
,WR,6049,,,,
,TE,6040,,,,
,TE,6238,,,,
,WR,3321,,,,
,RB,8749,,,,
,WR,11377,,,,
,WR,2583,,,,
,WR,7032,,,,
,RB,8211,,,,
,QB,827,,,,
,WR,6063,,,,
,WR,13034,,,,
,TE,4678,,,,
,RB,11655,,,,
,WR,8656,,,,
,QB,11256,,,,
,RB,7098,,,,
,RB,12826,,,,
,WR,1678,,,,
,WR,3660,,,,
,RB,6203,,,,
,WR,6853,,,,
,TE,1587,,,,
,WR,8223,,,,
,WR,6628,,,,
,TE,200,,,,
,WR,2635,,,,
,WR,4453,,,,
,QB,6723,,,,
,TE,868,,,,
,WR,5260,,,,
,WR,8126,,,,
,WR,7550,,,,
,RB,4150,,,,
,WR,12198,,,,
,RB,11537,,,,
,RB,3309,,,,
,RB,6115,,,,
,QB,4406,,,,
,WR,7558,,,,
,TE,5010,,,,
,QB,5903,,,,
,WR,7367,,,,
,QB,12511,,,,
,QB,9999,,,,
,TE,10220,,,,
,WR,12788,,,,
,RB,11577,,,,
,WR,3157,,,,
,RB,4485,,,,
,QB,12324,,,,
,WR,8881,,,,
,WR,1911,,,,
,QB,6237,,,,
,WR,13238,,,,
,RB,12474,,,,
,TE,4490,,,,
,WR,11306,,,,
,TE,2082,,,,
,WR,13042,,,,
,WR,10218,,,,
,WR,11969,,,,
,RB,7088,,,,
,WR,11626,,,,
,WR,12520,,,,
,WR,3150,,,,
,WR,11168,,,,
,RB,6372,,,,
,WR,6322,,,,
,WR,12363,,,,
,WR,11921,,,,
,WR,12189,,,,
,WR,11624,,,,
,RB,10861,,,,
,RB,3402,,,,
,RB,9753,,,,
,QB,4607,,,,
,TE,7943,,,,
,WR,2962,,,,
,TE,1339,,,,
,RB,9222,,,,
,TE,6018,,,,
,TE,11864,,,,
,TE,13110,,,,
,RB,2880,,,,
,WR,12168,,,,
,RB,5697,,,,
,WR,4319,,,,
,QB,4924,,,,
,QB,7538,,,,
,RB,2560,,,,
,QB,11995,,,,
,TE,9483,,,,
Zack Moss-433,RB,6845,-371,,,
,TE,8799,,,,
,WR,13161,,,,
,RB,8139,,,,
,RB,8428,,,,
,RB,8173,,,,
,WR,11299,,,,
,WR,9997,,,,
,WR,4080,,,,
,WR,11189,,,,
,WR,7211,,,,
,WR,11159,,,,
,RB,8122,,,,
